[
{
    "pk": 1, 
    "model": "builder.formclass", 
    "fields": {
        "name": "BaseBuildComponentForm", 
        "slug": "basebuildcomponentform"
    }
},
{
    "pk": 1, 
    "model": "builder.product", 
    "fields": {
        "form_class": 1, 
        "desc": "", 
        "is_active": true, 
        "name": "BayTrail - T", 
        "slug": "baylake"
    }
},
{
    "pk": 2, 
    "model": "builder.product", 
    "fields": {
        "form_class": 1, 
        "desc": "", 
        "is_active": true, 
        "name": "BayTrail-CR", 
        "slug": "baytrail-cr"
    }
},
{
    "pk": 1, 
    "model": "builder.pmic", 
    "fields": {
        "desc": "", 
        "is_active": true, 
        "name": "ROHM, BD2610GW", 
        "slug": "rohm-bd2610gw"
    }
},
{
    "pk": 1, 
    "model": "builder.baseline", 
    "fields": {
        "product": [
            1
        ], 
        "desc": "", 
        "is_active": true, 
        "name": "WW34", 
        "slug": "ww34"
    }
},
{
    "pk": 2, 
    "model": "builder.baseline", 
    "fields": {
        "product": [
            2
        ], 
        "desc": "", 
        "is_active": true, 
        "name": "br-2013-ww52", 
        "slug": "ww52"
    }
},
{
    "pk": 1, 
    "model": "builder.componenttype", 
    "fields": {
        "name": "Memory", 
        "slug": "memory"
    }
},
{
    "pk": 2, 
    "model": "builder.componenttype", 
    "fields": {
        "name": "EMMC", 
        "slug": "emmc"
    }
},
{
    "pk": 3, 
    "model": "builder.componenttype", 
    "fields": {
        "name": "Touch", 
        "slug": "touch"
    }
},
{
    "pk": 4, 
    "model": "builder.componenttype", 
    "fields": {
        "name": "Panel", 
        "slug": "panel"
    }
},
{
    "pk": 5, 
    "model": "builder.componenttype", 
    "fields": {
        "name": "Codec", 
        "slug": "codec"
    }
},
{
    "pk": 6, 
    "model": "builder.componenttype", 
    "fields": {
        "name": "Camera module 1", 
        "slug": "camera1"
    }
},
{
    "pk": 7, 
    "model": "builder.componenttype", 
    "fields": {
        "name": "Camera module 2", 
        "slug": "camera2"
    }
},
{
    "pk": 8, 
    "model": "builder.componenttype", 
    "fields": {
        "name": "WIFI/BT", 
        "slug": "wifi_bluetooth"
    }
},
{
    "pk": 9, 
    "model": "builder.componenttype", 
    "fields": {
        "name": "GPS", 
        "slug": "gps"
    }
},
{
    "pk": 10, 
    "model": "builder.componenttype", 
    "fields": {
        "name": "NFC", 
        "slug": "nfc"
    }
},
{
    "pk": 11, 
    "model": "builder.componenttype", 
    "fields": {
        "name": "WWAN", 
        "slug": "wwan"
    }
},
{
    "pk": 12, 
    "model": "builder.componenttype", 
    "fields": {
        "name": " Sensor HUB", 
        "slug": "sensor_hub"
    }
},
{
    "pk": 13, 
    "model": "builder.componenttype", 
    "fields": {
        "name": "ALS Sensor", 
        "slug": "als_sensor"
    }
},
{
    "pk": 14, 
    "model": "builder.componenttype", 
    "fields": {
        "name": "Gyro Sensor", 
        "slug": "gyro_sensor"
    }
},
{
    "pk": 15, 
    "model": "builder.componenttype", 
    "fields": {
        "name": "Accelerator Sensor", 
        "slug": "accelerator_sensor"
    }
},
{
    "pk": 16, 
    "model": "builder.componenttype", 
    "fields": {
        "name": "Magnetic Sensor", 
        "slug": "magnetic_sensor"
    }
},
{
    "pk": 17, 
    "model": "builder.componenttype", 
    "fields": {
        "name": "Sar Sensor", 
        "slug": "sar_sensor"
    }
},
{
    "pk": 18, 
    "model": "builder.componenttype", 
    "fields": {
        "name": "Pressure Sensor", 
        "slug": "pressure_sensor"
    }
},
{
    "pk": 19, 
    "model": "builder.componenttype", 
    "fields": {
        "name": "UV Sensor", 
        "slug": "uv_sensor"
    }
},
{
    "pk": 20, 
    "model": "builder.componenttype", 
    "fields": {
        "name": "SoC", 
        "slug": "soc"
    }
},
{
    "pk": 1, 
    "model": "builder.defaultcomponentvalue", 
    "fields": {
        "default_value": "NULL", 
        "product": 2, 
        "component_type": 20
    }
},
{
    "pk": 1, 
    "model": "builder.component", 
    "fields": {
        "product": [
            1
        ], 
        "name": "HYNIX,  DC LPDDR3-1067, 2GB, H9CCNNN8KTMLBR-NTM", 
        "baseline": [
            1
        ], 
        "is_active": true, 
        "patch_file": "", 
        "gerrit_url": "", 
        "type": 1, 
        "slug": "memory-hynix-dc-lpddr3-1067-2gb-h9ccnnn8ktmlbr-ntm", 
        "desc": ""
    }
},
{
    "pk": 2, 
    "model": "builder.component", 
    "fields": {
        "product": [
            1
        ], 
        "name": "SAMSUNG, eMMC4.5, 64GB,  KLMCG8GE2A-A001004", 
        "baseline": [
            1
        ], 
        "is_active": true, 
        "patch_file": "", 
        "gerrit_url": "", 
        "type": 2, 
        "slug": "emmc-samsung-emmc45-64gb-klmcg8ge2a-a001004", 
        "desc": ""
    }
},
{
    "pk": 3, 
    "model": "builder.component", 
    "fields": {
        "product": [
            1
        ], 
        "name": "ATMEL, mXT1664S, Maxtouch 1664", 
        "baseline": [
            1
        ], 
        "is_active": true, 
        "patch_file": "", 
        "gerrit_url": "", 
        "type": 3, 
        "slug": "touch-atmel-mxt1664s-maxtouch-1664", 
        "desc": ""
    }
},
{
    "pk": 4, 
    "model": "builder.component", 
    "fields": {
        "product": [
            1
        ], 
        "name": "REALTEK, ALC5642", 
        "baseline": [
            1
        ], 
        "is_active": true, 
        "patch_file": "", 
        "gerrit_url": "", 
        "type": 5, 
        "slug": "codec-realtek-alc5642", 
        "desc": ""
    }
},
{
    "pk": 5, 
    "model": "builder.component", 
    "fields": {
        "product": [
            1
        ], 
        "name": "LITEON ; OMNIVISION, OV2722, 2MP 1/6\";AOET, 1LS0518K", 
        "baseline": [
            1
        ], 
        "is_active": true, 
        "patch_file": "uploads/patches/0001-bf3905-raw-data-works_1.patch", 
        "gerrit_url": "", 
        "type": 6, 
        "slug": "camera-module-1-liteon-omnivision-ov2722-2mp-16aoet-1ls0518k", 
        "desc": ""
    }
},
{
    "pk": 6, 
    "model": "builder.component", 
    "fields": {
        "product": [
            1
        ], 
        "name": "ABILITY, NL89A142; SONY, IMX175, 8MP; LARGAN, 9547; TDK, 657-ABA", 
        "baseline": [
            1
        ], 
        "is_active": true, 
        "patch_file": "", 
        "gerrit_url": "", 
        "type": 7, 
        "slug": "camera-module-2-ability-nl89a142-sony-imx175-8mp-largan-9547-tdk-657-aba", 
        "desc": ""
    }
},
{
    "pk": 7, 
    "model": "builder.component", 
    "fields": {
        "product": [
            1
        ], 
        "name": "MITSUMI, DWM-W095 (SIP); BROADCOM, BCM43241, 2x2 802.11abgn", 
        "baseline": [
            1
        ], 
        "is_active": true, 
        "patch_file": "", 
        "gerrit_url": "", 
        "type": 8, 
        "slug": "wifibt-mitsumi-dwm-w095-sip-broadcom-bcm43241-2x2-80211abgn", 
        "desc": ""
    }
},
{
    "pk": 8, 
    "model": "builder.component", 
    "fields": {
        "product": [
            1
        ], 
        "name": "HUAWEI, ME906V, LTE/3G; QUALCOMM, MDM9615", 
        "baseline": [
            1
        ], 
        "is_active": true, 
        "patch_file": "", 
        "gerrit_url": "", 
        "type": 11, 
        "slug": "wwan-huawei-me906v-lte3g-qualcomm-mdm9615", 
        "desc": ""
    }
},
{
    "pk": 9, 
    "model": "builder.component", 
    "fields": {
        "product": [
            1
        ], 
        "name": "STMICRO, STM32F103CBY6TR", 
        "baseline": [
            1
        ], 
        "is_active": true, 
        "patch_file": "", 
        "gerrit_url": "", 
        "type": 12, 
        "slug": "sensor-hub-stmicro-stm32f103cby6tr", 
        "desc": ""
    }
},
{
    "pk": 10, 
    "model": "builder.component", 
    "fields": {
        "product": [
            1
        ], 
        "name": "CAPELLA, CM32181", 
        "baseline": [
            1
        ], 
        "is_active": true, 
        "patch_file": "", 
        "gerrit_url": "", 
        "type": 13, 
        "slug": "als-sensor-capella-cm32181", 
        "desc": ""
    }
},
{
    "pk": 11, 
    "model": "builder.component", 
    "fields": {
        "product": [
            1
        ], 
        "name": "STMICRO, L3GD20", 
        "baseline": [
            1
        ], 
        "is_active": true, 
        "patch_file": "", 
        "gerrit_url": "", 
        "type": 14, 
        "slug": "gyro-sensor-stmicro-l3gd20", 
        "desc": ""
    }
},
{
    "pk": 12, 
    "model": "builder.component", 
    "fields": {
        "product": [
            1
        ], 
        "name": "STMICRO, LSM303DLHC", 
        "baseline": [
            1
        ], 
        "is_active": true, 
        "patch_file": "", 
        "gerrit_url": "", 
        "type": 15, 
        "slug": "accelerator-sensor-stmicro-lsm303dlhc", 
        "desc": ""
    }
},
{
    "pk": 13, 
    "model": "builder.component", 
    "fields": {
        "product": [
            1
        ], 
        "name": "STMICRO, STM8T143AU62TTR", 
        "baseline": [
            1
        ], 
        "is_active": true, 
        "patch_file": "", 
        "gerrit_url": "", 
        "type": 17, 
        "slug": "sar-sensor-stmicro-stm8t143au62ttr", 
        "desc": ""
    }
},
{
    "pk": 14, 
    "model": "builder.component", 
    "fields": {
        "product": [
            1
        ], 
        "name": "REALTEK, ALC5640", 
        "baseline": [
            1
        ], 
        "is_active": true, 
        "patch_file": "uploads/patches/alc5640_audio_3.patch", 
        "gerrit_url": "", 
        "type": 5, 
        "slug": "codec-realtek-alc5640", 
        "desc": ""
    }
},
{
    "pk": 15, 
    "model": "builder.component", 
    "fields": {
        "product": [
            1
        ], 
        "name": "LITEON, 12P2BA536; OMNIVISION, OV5693, 5MP; GLORYTEK,  Glory 1503; MWT, AF85D-S32Q", 
        "baseline": [
            1
        ], 
        "is_active": true, 
        "patch_file": "uploads/patches/0001-OV5693_linux_driver_ww33_2.patch", 
        "gerrit_url": "", 
        "type": 7, 
        "slug": "camera-module-2-liteon-12p2ba536-omnivision-ov5693-5mp-glorytek-glory-1503-mwt-af85d-s32q", 
        "desc": ""
    }
},
{
    "pk": 16, 
    "model": "builder.component", 
    "fields": {
        "product": [
            1
        ], 
        "name": "REALTEK, RTL8723BS-CG, 1x1 SB 802.11bgn, SDIO", 
        "baseline": [
            1
        ], 
        "is_active": true, 
        "patch_file": "", 
        "gerrit_url": "", 
        "type": 8, 
        "slug": "wifibt-realtek-rtl8723bs-cg-1x1-sb-80211bgn-sdio", 
        "desc": ""
    }
},
{
    "pk": 17, 
    "model": "builder.component", 
    "fields": {
        "product": [
            1
        ], 
        "name": "PANASONIC, VVX10T014M00, 10.1\", EDP, 25x14 24bit", 
        "baseline": [
            1
        ], 
        "is_active": true, 
        "patch_file": "", 
        "gerrit_url": "", 
        "type": 4, 
        "slug": "panel-panasonic-vvx10t014m00-101-edp-25x14-24bit", 
        "desc": ""
    }
},
{
    "pk": 18, 
    "model": "builder.component", 
    "fields": {
        "product": [
            1
        ], 
        "name": "CPT, CLAA080WQ02, 8\" 8x12 MIPI 1x4", 
        "baseline": [
            1
        ], 
        "is_active": true, 
        "patch_file": "uploads/patches/8panel.patch", 
        "gerrit_url": "", 
        "type": 4, 
        "slug": "panel-cpt-claa080wq02-8-8x12-mipi-1x4", 
        "desc": ""
    }
},
{
    "pk": 25, 
    "model": "builder.component", 
    "fields": {
        "product": [
            2
        ], 
        "name": "Focaltek  FT5506", 
        "baseline": [
            2
        ], 
        "is_active": true, 
        "patch_file": "uploads/patches/ft5506.tar.gz", 
        "gerrit_url": "", 
        "type": 3, 
        "slug": "touch-focaltek-ft5506", 
        "desc": ""
    }
},
{
    "pk": 28, 
    "model": "builder.component", 
    "fields": {
        "product": [
            2
        ], 
        "name": "5MP 1/4\"  OV5693 LiteOn 12P2BA535", 
        "baseline": [
            2
        ], 
        "is_active": true, 
        "patch_file": "uploads/patches/ov5693.tar.gz", 
        "gerrit_url": "", 
        "type": 7, 
        "slug": "camera-module-2-5mp-14-ov5693-liteon-12p2ba535", 
        "desc": ""
    }
},
{
    "pk": 30, 
    "model": "builder.component", 
    "fields": {
        "product": [
            2
        ], 
        "name": "GPS, GLONASS, MB down Broadcom BCM4752", 
        "baseline": [
            2
        ], 
        "is_active": true, 
        "patch_file": "uploads/patches/bcm4752.tar.gz", 
        "gerrit_url": "", 
        "type": 9, 
        "slug": "gps-gps-glonass-mb-down-broadcom-bcm4752", 
        "desc": ""
    }
},
{
    "pk": 32, 
    "model": "builder.component", 
    "fields": {
        "product": [
            2
        ], 
        "name": "TI TLV320AIC3100", 
        "baseline": [
            2
        ], 
        "is_active": true, 
        "patch_file": "uploads/patches/tlv320aic31xx.tar.gz", 
        "gerrit_url": "", 
        "type": 5, 
        "slug": "codec-ti-tlv320aic3100", 
        "desc": ""
    }
},
{
    "pk": 33, 
    "model": "builder.component", 
    "fields": {
        "product": [
            2
        ], 
        "name": "Huawei MU736 (XMM6260)", 
        "baseline": [
            2
        ], 
        "is_active": true, 
        "patch_file": "uploads/patches/mu736.tar.gz", 
        "gerrit_url": "", 
        "type": 11, 
        "slug": "wwan-huawei-mu736-xmm6260", 
        "desc": ""
    }
},
{
    "pk": 40, 
    "model": "builder.component", 
    "fields": {
        "product": [
            2
        ], 
        "name": "A+ M Combo ST Micro LSM303DLHC", 
        "baseline": [
            2
        ], 
        "is_active": true, 
        "patch_file": "uploads/patches/st_acc_gyro_compass.tar.gz", 
        "gerrit_url": "", 
        "type": 14, 
        "slug": "gyro-sensor-a-m-combo-st-micro-lsm303dlhc", 
        "desc": ""
    }
},
{
    "pk": 41, 
    "model": "builder.component", 
    "fields": {
        "product": [
            2
        ], 
        "name": "KIONIX KXTJ2-1009 Capella CM3232A30G AK8963C", 
        "baseline": [
            2
        ], 
        "is_active": true, 
        "patch_file": "uploads/patches/aic_a.tar.gz", 
        "gerrit_url": "", 
        "type": 13, 
        "slug": "als-sensor-kionix-kxtj2-1009-capella-cm3232a30g-ak8963c", 
        "desc": ""
    }
},
{
    "pk": 42, 
    "model": "builder.component", 
    "fields": {
        "product": [
            2
        ], 
        "name": "AMPAK AP6210 (BCM43362+20710) 1x1 bgn + BT4.0", 
        "baseline": [
            2
        ], 
        "is_active": true, 
        "patch_file": "uploads/patches/ap6210.tar.gz", 
        "gerrit_url": "", 
        "type": 8, 
        "slug": "wifibt-ampak-ap6210-bcm4336220710-1x1-bgn-bt40", 
        "desc": ""
    }
},
{
    "pk": 43, 
    "model": "builder.component", 
    "fields": {
        "product": [
            2
        ], 
        "name": "Parade PS8622 10.\" 13x7 CPT  CLAA101WJ06", 
        "baseline": [
            2
        ], 
        "is_active": true, 
        "patch_file": "uploads/patches/edp-ps8622.tar.gz", 
        "gerrit_url": "", 
        "type": 4, 
        "slug": "panel-parade-ps8622-10-13x7-cpt-claa101wj06", 
        "desc": ""
    }
},
{
    "pk": 44, 
    "model": "builder.component", 
    "fields": {
        "product": [
            2
        ], 
        "name": "Goodix GT928", 
        "baseline": [
            2
        ], 
        "is_active": true, 
        "patch_file": "uploads/patches/gt928.tar.gz", 
        "gerrit_url": "", 
        "type": 3, 
        "slug": "touch-goodix-gt928", 
        "desc": ""
    }
},
{
    "pk": 45, 
    "model": "builder.component", 
    "fields": {
        "product": [
            2
        ], 
        "name": "3G, Intel XMM6260, SIP, N.America Fibocomm H350", 
        "baseline": [
            2
        ], 
        "is_active": true, 
        "patch_file": "uploads/patches/h350.tar.gz", 
        "gerrit_url": "", 
        "type": 11, 
        "slug": "wwan-3g-intel-xmm6260-sip-namerica-fibocomm-h350", 
        "desc": ""
    }
},
{
    "pk": 46, 
    "model": "builder.component", 
    "fields": {
        "product": [
            2
        ], 
        "name": "7.85\" MIPI 1024x768 KingDisplay KD079D1-35NA-A8", 
        "baseline": [
            2
        ], 
        "is_active": true, 
        "patch_file": "uploads/patches/mipi-kd079d1.tar.gz", 
        "gerrit_url": "", 
        "type": 4, 
        "slug": "panel-785-mipi-1024x768-kingdisplay-kd079d1-35na-a8", 
        "desc": ""
    }
},
{
    "pk": 47, 
    "model": "builder.component", 
    "fields": {
        "product": [
            2
        ], 
        "name": "1.26M Aptina 1040 LiteOn 12P2SF181A", 
        "baseline": [
            2
        ], 
        "is_active": true, 
        "patch_file": "uploads/patches/mt9m114.tar.gz", 
        "gerrit_url": "", 
        "type": 6, 
        "slug": "camera-module-1-126m-aptina-1040-liteon-12p2sf181a", 
        "desc": ""
    }
},
{
    "pk": 48, 
    "model": "builder.component", 
    "fields": {
        "product": [
            2
        ], 
        "name": "Realtek ALC5642", 
        "baseline": [
            2
        ], 
        "is_active": true, 
        "patch_file": "uploads/patches/rt5642.tar.gz", 
        "gerrit_url": "", 
        "type": 5, 
        "slug": "codec-realtek-alc5642", 
        "desc": ""
    }
}
]
